--New Types
INSERT INTO Types (Type, Kind)
	VALUES
		("BUILDING_AGORA", "KIND_BUILDING"),
		("BUILDING_APOTHECARY", "KIND_BUILDING"),
		("BUILDING_AQUAFARMS", "KIND_BUILDING"),
		("BUILDING_ARSENAL", "KIND_BUILDING"),
		("BUILDING_BASILICA", "KIND_BUILDING"),
		("BUILDING_BRICKWORKS", "KIND_BUILDING"),
		("BUILDING_BRICKYARD", "KIND_BUILDING"),
		("BUILDING_CARAVANSARY", "KIND_BUILDING"),
		("BUILDING_CONFECTIONARY", "KIND_BUILDING"),
		("BUILDING_FOUNDRY", "KIND_BUILDING"),
		("BUILDING_GRISTMILL", "KIND_BUILDING"),
		("BUILDING_GROCER", "KIND_BUILDING"),
		("BUILDING_GUILD_HALL", "KIND_BUILDING"),
		("BUILDING_HOSPITAL", "KIND_BUILDING"),
		("BUILDING_KILN", "KIND_BUILDING"),
		("BUILDING_MILITARY_BASE", "KIND_BUILDING"),
		("BUILDING_OBSERVATORY", "KIND_BUILDING"),
		("BUILDING_OPERA_HOUSE", "KIND_BUILDING"),
		("BUILDING_PRINTER", "KIND_BUILDING"),
		("BUILDING_RELIQUARY", "KIND_BUILDING"),
		("BUILDING_SUPERMARKET", "KIND_BUILDING");

--New buildings		
INSERT INTO Buildings (BuildingType, Name, Description, Cost, Maintenance, PurchaseYield, PrereqTech, PrereqCivic, PrereqDistrict, Housing, Entertainment, CitizenSlots, RegionalRange, AdvisorType, OuterDefenseHitPoints, OuterDefenseStrength, DefenseModifier)
	VALUES
		--ANCIENT ERA
		("BUILDING_KILN", "LOC_BUILDING_KILN_NAME", "LOC_BUILDING_KILN_DESCRIPTION", 65, 1, "YIELD_GOLD", "TECH_MINING", NULL, "DISTRICT_CITY_CENTER", 0, 0, 0, 0, "ADVISOR_GENERIC", 0, 0, 0),
		--CLASSICAL ERA
		("BUILDING_AGORA", "LOC_BUILDING_AGORA_NAME", NULL, 120, 1, "YIELD_GOLD", "TECH_CLASSICAL_SCIENCE", NULL, "DISTRICT_CITY_CENTER", 0, 0, 0, 0, "ADVISOR_GENERIC", 0, 0, 0),
		("BUILDING_BRICKYARD", "LOC_BUILDING_BRICKYARD_NAME", "LOC_BUILDING_BRICKYARD_DESCRIPTION", 120, 1, "YIELD_GOLD", "TECH_CONSTRUCTION", NULL, "DISTRICT_CITY_CENTER", 0, 0, 0, 0, "ADVISOR_GENERIC", 0, 0, 0),
		--MEDIEVAL ERA
		("BUILDING_APOTHECARY", "LOC_BUILDING_APOTHECARY_NAME", "LOC_BUILDING_APOTHECARY_DESCRIPTION", 200, 1, "YIELD_GOLD", "TECH_APPRENTICESHIP", NULL, "DISTRICT_CITY_CENTER", 0, 0, 0, 0, "ADVISOR_GENERIC", 0, 0, 0),
		("BUILDING_CARAVANSARY", "LOC_BUILDING_CARAVANSARY_NAME", "LOC_BUILDING_CARAVANSARY_DESCRIPTION", 200, 0, "YIELD_GOLD", "TECH_MAGNETISM", NULL, "DISTRICT_COMMERCIAL_HUB", 0, 0, 0, 0, "ADVISOR_GENERIC", 0, 0, 0),
		("BUILDING_BASILICA", "LOC_BUILDING_BASILICA_NAME", "LOC_BUILDING_BASILICA_DESCRIPTION", 200, 1, "YIELD_GOLD", NULL, "CIVIC_THEOLOGY", "DISTRICT_HOLY_SITE", 0, 0, 0, 0, "ADVISOR_RELIGIOUS", 0, 0, 0),
		("BUILDING_GUILD_HALL", "LOC_BUILDING_GUILD_HALL_NAME", "LOC_BUILDING_GUILD_HALL_DESCRIPTION", 200, 0, "YIELD_GOLD", "TECH_MAGNETISM", NULL, "DISTRICT_COMMERCIAL_HUB", 0, 0, 0, 0, "ADVISOR_GENERIC", 0, 0, 0),
		("BUILDING_RELIQUARY", "LOC_BUILDING_RELIQUARY_NAME", "LOC_BUILDING_RELIQUARY_DESCRIPTION", 200, 0, "YIELD_GOLD", NULL, "CIVIC_THEOLOGY", "DISTRICT_HOLY_SITE", 0, 1, 0, 0, "ADVISOR_RELIGIOUS", 0, 0, 0),
		--RENAISSANCE ERA
		("BUILDING_CONFECTIONARY", "LOC_BUILDING_CONFECTIONARY_NAME", NULL, 265, 0, "YIELD_GOLD", NULL, "CIVIC_PERSPECTIVE", "DISTRICT_ENTERTAINMENT_COMPLEX", 0, 1, 0, 0, "ADVISOR_GENERIC", 0, 0, 0),
		("BUILDING_OBSERVATORY", "LOC_BUILDING_OBSERVATORY_NAME", "LOC_BUILDING_OBSERVATORY_DESCRIPTION", 265, 2, "YIELD_GOLD", "TECH_ASTRONOMY", NULL, "DISTRICT_CAMPUS", 0, 0, 0, 0, "ADVISOR_TECHNOLOGY", 0, 0, 0),
		("BUILDING_PRINTER", "LOC_BUILDING_PRINTER_NAME", "LOC_BUILDING_PRINTER_DESCRIPTION", 265, 2, "YIELD_GOLD", "TECH_PRINTING", NULL, "DISTRICT_CAMPUS", 0, 0, 0, 0, "ADVISOR_TECHNOLOGY", 0, 0, 0),
		--INDUSTRIAL ERA
		("BUILDING_ARSENAL", "LOC_BUILDING_ARSENAL_NAME", "LOC_BUILDING_ARSENAL_DESCRIPTION", 405, 3, "YIELD_GOLD", "TECH_BALLISTICS", NULL, "DISTRICT_ENCAMPMENT", 0, 0, 0, 0, "ADVISOR_CONQUEST", 75, 5, 0),
		("BUILDING_BRICKWORKS", "LOC_BUILDING_BRICKWORKS_NAME", "LOC_BUILDING_BRICKWORKS_DESCRIPTION", 355, 2, "YIELD_GOLD", "TECH_RAILROAD", NULL, "DISTRICT_CITY_CENTER", 0, 0, 0, 0, "ADVISOR_GENERIC", 0, 0, 0),
		("BUILDING_FOUNDRY", "LOC_BUILDING_FOUNDRY_NAME", "LOC_BUILDING_FOUNDRY_DESCRIPTION", 355, 2, "YIELD_GOLD", "TECH_REFINING", NULL, "DISTRICT_INDUSTRIAL_ZONE", 0, 0, 0, 0, "ADVISOR_GENERIC", 0, 0, 0),
		("BUILDING_GRISTMILL", "LOC_BUILDING_GRISTMILL_NAME", "LOC_BUILDING_GRISTMILL_DESCRIPTION", 355, 2, "YIELD_GOLD", "TECH_REFINING", NULL, "DISTRICT_INDUSTRIAL_ZONE", 0, 0, 0, 0, "ADVISOR_GENERIC", 0, 0, 0),
		("BUILDING_GROCER", "LOC_BUILDING_GROCER_NAME", "LOC_BUILDING_GROCER_DESCRIPTION", 355, 2, "YIELD_GOLD", "TECH_SCIENTIFIC_THEORY", NULL, "DISTRICT_CITY_CENTER", 0, 0, 0, 0, "ADVISOR_GENERIC", 0, 0, 0),
		("BUILDING_OPERA_HOUSE", "LOC_BUILDING_OPERA_HOUSE_NAME", "LOC_BUILDING_OPERA_HOUSE_DESCRIPTION", 355, 2, "YIELD_GOLD", NULL, "CIVIC_OPERA_BALLET", "DISTRICT_THEATER", 0, 0, 0, 6, "ADVISOR_CULTURE", 0, 0, 0),
		--MODERN ERA
		("BUILDING_HOSPITAL", "LOC_BUILDING_HOSPITAL_NAME", "LOC_BUILDING_HOSPITAL_DESCRIPTION", 525, 3, "YIELD_GOLD", "TECH_CHEMISTRY", NULL, "DISTRICT_CITY_CENTER", 1, 1, 0, 0, "ADVISOR_GENERIC", 0, 0, 0),
		--ATOMIC ERA
		("BUILDING_AQUAFARMS", "LOC_BUILDING_AQUAFARMS_NAME", "LOC_BUILDING_AQUAFARMS_DESCRIPTION", 600, 3, "YIELD_GOLD", "TECH_SYNTHETIC_MATERIALS", NULL, "DISTRICT_HARBOR", 0, 0, 0, 0, "ADVISOR_GENERIC", 0, 0, 0),
		("BUILDING_MILITARY_BASE", "LOC_BUILDING_MILITARY_BASE_NAME", "LOC_BUILDING_MILITARY_BASE_DESCRIPTION", 600, 4, "YIELD_GOLD", "TECH_COMBINED_ARMS", NULL, "DISTRICT_ENCAMPMENT", 0, 0, 0, 0, "ADVISOR_CONQUEST", 75, 8, 0),
		("BUILDING_SUPERMARKET", "LOC_BUILDING_SUPERMARKET_NAME", "LOC_BUILDING_SUPERMARKET_DESCRIPTION", 600, 3, "YIELD_GOLD", "TECH_TELECOMMUNICATIONS", NULL, "DISTRICT_CITY_CENTER", 1, 0, 0, 0, "ADVISOR_GENERIC", 0, 0, 0);

--Building prereqs		
DELETE FROM BuildingPrereqs;		
INSERT INTO BuildingPrereqs (Building, PrereqBuilding)
	VALUES
		("BUILDING_CASTLE", "BUILDING_WALLS"),
		("BUILDING_STAR_FORT", "BUILDING_CASTLE"),
		("BUILDING_AGORA", "BUILDING_MONUMENT"),
		("BUILDING_BRICKYARD", "BUILDING_KILN"),
		("BUILDING_BRICKWORKS", "BUILDING_BRICKYARD"),
		("BUILDING_CARAVANSARY", "BUILDING_MARKET"),
		("BUILDING_GUILD_HALL", "BUILDING_MARKET"),
		("BUILDING_BANK", "BUILDING_CARAVANSARY"),
		("BUILDING_BANK", "BUILDING_GUILD_HALL"),
		("BUILDING_STOCK_EXCHANGE", "BUILDING_BANK"),
		("BUILDING_TEMPLE", "BUILDING_SHRINE"),
		("BUILDING_STAVE_CHURCH", "BUILDING_SHRINE"),
		("BUILDING_BASILICA", "BUILDING_TEMPLE"),
		("BUILDING_RELIQUARY", "BUILDING_TEMPLE"),
		("BUILDING_CATHEDRAL", "BUILDING_BASILICA"),
		("BUILDING_CATHEDRAL", "BUILDING_RELIQUARY"),
		("BUILDING_GURDWARA", "BUILDING_BASILICA"),
		("BUILDING_GURDWARA", "BUILDING_RELIQUARY"),
		("BUILDING_MEETING_HOUSE", "BUILDING_BASILICA"),
		("BUILDING_MEETING_HOUSE", "BUILDING_RELIQUARY"),
		("BUILDING_MOSQUE", "BUILDING_BASILICA"),
		("BUILDING_MOSQUE", "BUILDING_RELIQUARY"),
		("BUILDING_PAGODA", "BUILDING_BASILICA"),
		("BUILDING_PAGODA", "BUILDING_RELIQUARY"),
		("BUILDING_SYNAGOGUE", "BUILDING_BASILICA"),
		("BUILDING_SYNAGOGUE", "BUILDING_RELIQUARY"),
		("BUILDING_WAT", "BUILDING_BASILICA"),
		("BUILDING_WAT", "BUILDING_RELIQUARY"),
		("BUILDING_AIRPORT", "BUILDING_HANGAR"),
		("BUILDING_CONFECTIONARY", "BUILDING_ARENA"),
		("BUILDING_ZOO", "BUILDING_CONFECTIONARY"),
		("BUILDING_STADIUM", "BUILDING_ZOO"),
		("BUILDING_UNIVERSITY", "BUILDING_LIBRARY"),
		("BUILDING_MADRASA", "BUILDING_LIBRARY"),
		("BUILDING_OBSERVATORY", "BUILDING_UNIVERSITY"),
		("BUILDING_PRINTER", "BUILDING_UNIVERSITY"),
		("BUILDING_RESEARCH_LAB", "BUILDING_OBSERVATORY"),
		("BUILDING_RESEARCH_LAB", "BUILDING_PRINTER"),
		("BUILDING_FOUNDRY", "BUILDING_WORKSHOP"),
		("BUILDING_GRISTMILL", "BUILDING_WORKSHOP"),
		("BUILDING_FACTORY", "BUILDING_FOUNDRY"),
		("BUILDING_FACTORY", "BUILDING_GRISTMILL"),
		("BUILDING_ELECTRONICS_FACTORY", "BUILDING_FOUNDRY"),
		("BUILDING_ELECTRONICS_FACTORY", "BUILDING_GRISTMILL"),
		("BUILDING_POWER_PLANT", "BUILDING_FACTORY"),
		("BUILDING_GROCER", "BUILDING_GRANARY"),
		("BUILDING_SUPERMARKET", "BUILDING_GROCER"),
		("BUILDING_MUSEUM_ART", "BUILDING_AMPHITHEATER"),
		("BUILDING_MUSEUM_ARTIFACT", "BUILDING_AMPHITHEATER"),
		("BUILDING_OPERA_HOUSE", "BUILDING_MUSEUM_ART"),
		("BUILDING_OPERA_HOUSE", "BUILDING_MUSEUM_ARTIFACT"),
		("BUILDING_BROADCAST_CENTER", "BUILDING_OPERA_HOUSE"),
		("BUILDING_FILM_STUDIO", "BUILDING_OPERA_HOUSE"),
		("BUILDING_HOSPITAL", "BUILDING_APOTHECARY"),
		("BUILDING_SHIPYARD", "BUILDING_LIGHTHOUSE"),
		("BUILDING_SEAPORT", "BUILDING_SHIPYARD"),
		("BUILDING_AQUAFARMS", "BUILDING_SEAPORT"),
		("BUILDING_ARMORY", "BUILDING_BARRACKS"),
		("BUILDING_ARMORY", "BUILDING_STABLE"),
		("BUILDING_MILITARY_ACADEMY", "BUILDING_ARMORY"),
		("BUILDING_ARSENAL", "BUILDING_MILITARY_ACADEMY"),
		("BUILDING_MILITARY_BASE", "BUILDING_ARSENAL"),
		--Wonders
		("BUILDING_BIG_BEN", "BUILDING_BANK"),
		("BUILDING_ESTADIO_DO_MARACANA", "BUILDING_STADIUM"),
		("BUILDING_GREAT_LIBRARY", "BUILDING_LIBRARY"),
		("BUILDING_GREAT_LIGHTHOUSE", "BUILDING_LIGHTHOUSE"),
		("BUILDING_GREAT_ZIMBABWE", "BUILDING_MARKET"),
		("BUILDING_MAHABODHI_TEMPLE", "BUILDING_TEMPLE"),
		("BUILDING_OXFORD_UNIVERSITY", "BUILDING_UNIVERSITY"),
		("BUILDING_RUHR_VALLEY", "BUILDING_FACTORY"),
		("BUILDING_TERRACOTTA_ARMY", "BUILDING_BARRACKS"),
		("BUILDING_TERRACOTTA_ARMY", "BUILDING_STABLE");

--Mutually exclusive buildings		
INSERT INTO MutuallyExclusiveBuildings (Building, MutuallyExclusiveBuilding)
	VALUES
		("BUILDING_CARAVANSARY", "BUILDING_GUILD_HALL"),
		("BUILDING_GUILD_HALL", "BUILDING_CARAVANSARY"),
		("BUILDING_BASILICA", "BUILDING_RELIQUARY"),
		("BUILDING_RELIQUARY", "BUILDING_BASILICA"),
		("BUILDING_OBSERVATORY", "BUILDING_PRINTER"),
		("BUILDING_PRINTER", "BUILDING_OBSERVATORY"),
		("BUILDING_FOUNDRY", "BUILDING_GRISTMILL"),
		("BUILDING_GRISTMILL", "BUILDING_FOUNDRY");

--Building base yields		
INSERT INTO Building_YieldChanges (BuildingType, YieldType, YieldChange)
	VALUES
		("BUILDING_AGORA", "YIELD_CULTURE", 1),
		("BUILDING_AGORA", "YIELD_SCIENCE", 1),
		("BUILDING_BASILICA", "YIELD_CULTURE", 2),
		("BUILDING_CARAVANSARY", "YIELD_GOLD", 3),
		("BUILDING_CONFECTIONARY", "YIELD_GOLD", 2),
		("BUILDING_CONFECTIONARY", "YIELD_CULTURE", 2),
		("BUILDING_FOUNDRY", "YIELD_PRODUCTION", 2),
		("BUILDING_GRISTMILL", "YIELD_PRODUCTION", 2),
		("BUILDING_GROCER", "YIELD_FOOD", 2),
		("BUILDING_GUILD_HALL", "YIELD_GOLD", 4),
		("BUILDING_OBSERVATORY", "YIELD_SCIENCE", 2),
		("BUILDING_OPERA_HOUSE", "YIELD_CULTURE", 2),
		("BUILDING_RELIQUARY", "YIELD_FAITH", 2),
		("BUILDING_PRINTER", "YIELD_SCIENCE", 2),
		("BUILDING_PRINTER", "YIELD_CULTURE", 1),
		("BUILDING_SUPERMARKET", "YIELD_FOOD", 4);

--Great Person points		
INSERT INTO Building_GreatPersonPoints (BuildingType, GreatPersonClassType, PointsPerTurn)
	VALUES
		("BUILDING_ARSENAL", "GREAT_PERSON_CLASS_GENERAL", 1),
		("BUILDING_CARAVANSARY", "GREAT_PERSON_CLASS_MERCHANT", 1),
		("BUILDING_FOUNDRY", "GREAT_PERSON_CLASS_ENGINEER", 1),
		("BUILDING_GRISTMILL", "GREAT_PERSON_CLASS_ENGINEER", 1),
		("BUILDING_GUILD_HALL", "GREAT_PERSON_CLASS_MERCHANT", 1),
		("BUILDING_MILITARY_BASE", "GREAT_PERSON_CLASS_GENERAL", 1),
		("BUILDING_OBSERVATORY", "GREAT_PERSON_CLASS_SCIENTIST", 1),
		("BUILDING_OPERA_HOUSE", "GREAT_PERSON_CLASS_MUSICIAN", 1),
		("BUILDING_PRINTER", "GREAT_PERSON_CLASS_WRITER", 1);

--Great Work slots		
INSERT INTO Building_GreatWorks (BuildingType, GreatWorkSlotType, NumSlots)
	VALUES
		("BUILDING_RELIQUARY", "GREATWORKSLOT_RELIC", 1),
		("BUILDING_OPERA_HOUSE", "GREATWORKSLOT_MUSIC", 1),
		("BUILDING_PRINTER", "GREATWORKSLOT_WRITING", 1);

--Existing building modifiers (new ones created in TnC_Modifiers_Complete.sql)
INSERT INTO BuildingModifiers (BuildingType, ModifierId)
	VALUES
		("BUILDING_APOTHECARY", "TCS_ADJUST_FOREST_FOOD1_FEATURE_YIELD"),
		("BUILDING_AQUAFARMS", "TCS_ADJUST_SEA_TERRAIN_FOOD1_YIELD");
		
--Advanced Start free buildings		
DELETE FROM StartingBuildings 
	WHERE Building = "BUILDING_BANK"
	OR Building = "BUILDING_STOCK_EXCHANGE"
	OR Building = "BUILDING_FACTORY";

INSERT INTO StartingBuildings (Era, Building, District)
	VALUES
		("ERA_MEDIEVAL", "BUILDING_KILN", "DISTRICT_CITY_CENTER"),
		("ERA_INDUSTRIAL", "BUILDING_AGORA", "DISTRICT_CITY_CENTER"),
		("ERA_INDUSTRIAL", "BUILDING_APOTHECARY", "DISTRICT_CITY_CENTER"),
		("ERA_ATOMIC", "BUILDING_CONFECTIONARY", "DISTRICT_ENTERTAINMENT_COMPLEX");