--Create new techs
INSERT INTO Types (Type, Kind)
	VALUES
		("TECH_FISHING", "KIND_TECH"),
		("TECH_MAP_MAKING", "KIND_TECH"),
		("TECH_CLASSICAL_SCIENCE", "KIND_TECH"),
		("TECH_MAGNETISM", "KIND_TECH"),
		("TECH_METALLURGY", "KIND_TECH"),
		("TECH_INVENTION", "KIND_TECH"),
		("TECH_CLOCK_MAKING", "KIND_TECH"),
		("TECH_ADVANCED_MATHEMATICS", "KIND_TECH"),
		("TECH_REFINING", "KIND_TECH"),
		("TECH_RAILROAD", "KIND_TECH"),
		("TECH_PHYSICS", "KIND_TECH"),
		("TECH_MOBILE_WARFARE", "KIND_TECH"),
		("TECH_ELECTRONICS", "KIND_TECH"),
		("TECH_ATOMIC_THEORY", "KIND_TECH"),
		("TECH_SPACE_FLIGHT", "KIND_TECH"),
		("TECH_INTERNET", "KIND_TECH");

DELETE FROM Technologies WHERE TechnologyType = "TECH_ELECTRICITY";

INSERT INTO Technologies (TechnologyType, Name, Description, EraType, Cost, UITreeRow, AdvisorType, Critical, EmbarkUnitType, EmbarkAll, BarbarianFree, Repeatable)
	VALUES
		--ANCIENT ERA
		--Column 1
		("TECH_FISHING", "LOC_TECH_FISHING_NAME", "LOC_TECH_FISHING_DESCRIPTION", "ERA_ANCIENT", 50, -2, "ADVISOR_GENERIC", 0, "UNIT_BUILDER", 0, 0, 0),
				
		--CLASSICAL ERA
		--Column 2
		("TECH_MAP_MAKING", "LOC_TECH_MAP_MAKING_NAME", "LOC_TECH_MAP_MAKING", "ERA_CLASSICAL", 160, -2, "ADVISOR_GENERIC", 0, NULL, 0, 0, 0),
		--Column 3
		("TECH_CLASSICAL_SCIENCE", "LOC_TECH_CLASSICAL_SCIENCE_NAME", NULL, "ERA_CLASSICAL", 200, 0, "ADVISOR_GENERIC", 0, NULL, 0, 0, 0),
		("TECH_METALLURGY", "LOC_TECH_METALLURGY_NAME", NULL, "ERA_CLASSICAL", 200, 1, "ADVISOR_GENERIC", 0, NULL, 0, 0, 0),
		
		--MEDIEVAL ERA
		--Column 2
		("TECH_MAGNETISM", "LOC_TECH_MAGNETISM_NAME", "LOC_TECH_MAGNETISM_DESCRIPTION", "ERA_MEDIEVAL", 345, -2, "ADVISOR_GENERIC", 0, NULL, 0, 0, 0),
		--Column 3
		("TECH_CLOCK_MAKING", "LOC_TECH_CLOCK_MAKING_NAME", NULL, "ERA_MEDIEVAL", 390, -1, "ADVISOR_GENERIC", 0, NULL, 0, 0, 0),
		("TECH_INVENTION", "LOC_TECH_INVENTION_NAME", "LOC_TECH_INVENTION_DESCRIPTION", "ERA_MEDIEVAL", 390, 1, "ADVISOR_GENERIC", 0, NULL, 0, 0, 0),
		
		--RENAISSANCE ERA
		--Column 3
		("TECH_ADVANCED_MATHEMATICS", "LOC_TECH_ADVANCED_MATHEMATICS_NAME", NULL, "ERA_RENAISSANCE", 660, -1, "ADVISOR_GENERIC", 0, NULL, 0, 0, 0),
		
		--INDUSTRIAL ERA
		--Column 1
		("TECH_REFINING", "LOC_TECH_REFINING_NAME", "LOC_TECH_REFINING_DESCRIPTION", "ERA_INDUSTRIAL", 805, 3, "ADVISOR_GENERIC", 0, NULL, 0, 0, 0),
		--Column 3
		("TECH_RAILROAD", "LOC_TECH_RAILROAD_NAME", NULL, "ERA_INDUSTRIAL", 925, -1, "ADVISOR_GENERIC", 0, NULL, 0, 0, 0),
		
		--MODERN ERA
		--Column 2
		("TECH_PHYSICS", "LOC_TECH_PHYSICS_NAME", NULL, "ERA_MODERN", 1085, 0, "ADVISOR_GENERIC", 0, NULL, 0, 0, 0),
		--Electronics is a replacement for Electricity because Electricity
		--bugs out when doing extensive tech tree edits for some reason
		("TECH_ELECTRONICS", "LOC_TECH_ELECTRONICS_NAME", NULL, "ERA_MODERN", 1085, -1, "ADVISOR_GENERIC", 0, NULL, 0, 0, 0),
		--Column 3
		("TECH_ATOMIC_THEORY", "LOC_TECH_ATOMIC_THEORY_NAME", NULL, "ERA_MODERN", 1135, 0, "ADVISOR_GENERIC", 0, NULL, 0, 0, 0),
		("TECH_MOBILE_WARFARE", "LOC_TECH_MOBILE_WARFARE_NAME", NULL, "ERA_MODERN", 1135, 1, "ADVISOR_GENERIC", 0, NULL, 0, 0, 0),
		
		--ATOMIC ERA
		--Column 3
		("TECH_SPACE_FLIGHT", "LOC_TECH_SPACE_FLIGHT_NAME", NULL, "ERA_ATOMIC", 1375, 0, "ADVISOR_GENERIC", 0, NULL, 0, 0, 0),

		--INFORMATION ERA
		--Column 1
		("TECH_INTERNET", "LOC_TECH_INTERNET_NAME", "LOC_TECH_INTERNET_DESCRIPTION", "ERA_INFORMATION", 1540, -2, "ADVISOR_GENERIC", 0, NULL, 0, 0, 0);
		
--Update existing techs
--ANCIENT ERA
--Column 1
UPDATE Technologies 
	SET Cost = 25, UITreeRow = -1
	WHERE TechnologyType = "TECH_POTTERY";

UPDATE Technologies 
	SET Cost = 25, UITreeRow = 1
	WHERE TechnologyType = "TECH_ANIMAL_HUSBANDRY";

UPDATE Technologies 
	SET Cost = 25, UITreeRow = 3
	WHERE TechnologyType = "TECH_MINING";
--Column 2
UPDATE Technologies 
	SET Cost = 50, UITreeRow = -1
	WHERE TechnologyType = "TECH_ASTROLOGY";

UPDATE Technologies 
	SET Cost = 50, UITreeRow = 0
	WHERE TechnologyType = "TECH_IRRIGATION";

UPDATE Technologies 
	SET Cost = 50, UITreeRow = 2
	WHERE TechnologyType = "TECH_ARCHERY";
--Column 3
UPDATE Technologies 
	SET Cost = 80, UITreeRow = -2, EmbarkUnitType = "UNIT_SCOUT"
	WHERE TechnologyType = "TECH_SAILING";

UPDATE Technologies 
	SET Cost = 80, UITreeRow = -1
	WHERE TechnologyType = "TECH_WRITING";

UPDATE Technologies 
	SET Cost = 80, UITreeRow = 1
	WHERE TechnologyType = "TECH_THE_WHEEL";

UPDATE Technologies 
	SET Cost = 80, UITreeRow = 2
	WHERE TechnologyType = "TECH_BRONZE_WORKING";

UPDATE Technologies 
	SET Cost = 80, UITreeRow = 3
	WHERE TechnologyType = "TECH_MASONRY";

--CLASSICAL ERA	
--Column 1
UPDATE Technologies 
	SET Cost = 120, UITreeRow = -2, EmbarkUnitType = NULL, EmbarkAll = 1
	WHERE TechnologyType = "TECH_CELESTIAL_NAVIGATION";

UPDATE Technologies 
	SET Cost = 120, UITreeRow = 1
	WHERE TechnologyType = "TECH_HORSEBACK_RIDING";

UPDATE Technologies 
	SET Cost = 120, UITreeRow = 2
	WHERE TechnologyType = "TECH_IRON_WORKING";

UPDATE Technologies 
	SET Cost = 120, UITreeRow = 3
	WHERE TechnologyType = "TECH_CONSTRUCTION";
--Column 2
UPDATE Technologies 
	SET Cost = 160, UITreeRow = -1, Description = NULL
	WHERE TechnologyType = "TECH_MATHEMATICS";

UPDATE Technologies 
	SET Cost = 160, UITreeRow = 0
	WHERE TechnologyType = "TECH_CURRENCY";

UPDATE Technologies 
	SET Cost = 160, UITreeRow = 2
	WHERE TechnologyType = "TECH_ENGINEERING";
--Column 3
UPDATE Technologies 
	SET Cost = 200, UITreeRow = -2, EmbarkAll = 0, Description = NULL
	WHERE TechnologyType = "TECH_SHIPBUILDING";
	
--MEDIEVAL ERA	
--Column 1
UPDATE Technologies 
	SET Cost = 300, UITreeRow = 0
	WHERE TechnologyType = "TECH_APPRENTICESHIP";

UPDATE Technologies 
	SET Cost = 300, UITreeRow = 2
	WHERE TechnologyType = "TECH_STIRRUPS";

UPDATE Technologies 
	SET Cost = 300, UITreeRow = 1
	WHERE TechnologyType = "TECH_CASTLES";
--Column 2
UPDATE Technologies 
	SET Cost = 345, UITreeRow = 0
	WHERE TechnologyType = "TECH_MACHINERY";
	
UPDATE Technologies 
	SET Cost = 345, UITreeRow = 1
	WHERE TechnologyType = "TECH_MILITARY_ENGINEERING";

UPDATE Technologies 
	SET Cost = 345, UITreeRow = 2
	WHERE TechnologyType = "TECH_MILITARY_TACTICS";
--Column 3
UPDATE Technologies 
	SET Cost = 390, UITreeRow = 0
	WHERE TechnologyType = "TECH_EDUCATION";

--RENAISSANCE ERA
--Column 1
UPDATE Technologies 
	SET Cost = 540, UITreeRow = -2
	WHERE TechnologyType = "TECH_CARTOGRAPHY";

UPDATE Technologies 
	SET Cost = 540, UITreeRow = -1
	WHERE TechnologyType = "TECH_PRINTING";

UPDATE Technologies 
	SET Cost = 540, UITreeRow = 1
	WHERE TechnologyType = "TECH_BANKING";

UPDATE Technologies 
	SET Cost = 540, UITreeRow = 2
	WHERE TechnologyType = "TECH_GUNPOWDER";
--Column 2
UPDATE Technologies 
	SET Cost = 600, UITreeRow = -2
	WHERE TechnologyType = "TECH_ASTRONOMY";

UPDATE Technologies 
	SET Cost = 600, UITreeRow = 1
	WHERE TechnologyType = "TECH_METAL_CASTING";

UPDATE Technologies 
	SET Cost = 600, UITreeRow = 2
	WHERE TechnologyType = "TECH_SIEGE_TACTICS";
--Column 3
UPDATE Technologies 
	SET Cost = 660, UITreeRow = 1
	WHERE TechnologyType = "TECH_SQUARE_RIGGING";

UPDATE Technologies 
	SET Cost = 660, UITreeRow = 2
	WHERE TechnologyType = "TECH_MASS_PRODUCTION";

--INDUSTRIAL ERA
--Column 1
UPDATE Technologies 
	SET Cost = 805, UITreeRow = -1
	WHERE TechnologyType = "TECH_SCIENTIFIC_THEORY";

UPDATE Technologies 
	SET Cost = 805, UITreeRow = 1
	WHERE TechnologyType = "TECH_SANITATION";
	
UPDATE Technologies 
	SET Cost = 805, UITreeRow = 2
	WHERE TechnologyType = "TECH_MILITARY_SCIENCE";
--Column 2
UPDATE Technologies 
	SET Cost = 865, UITreeRow = -1
	WHERE TechnologyType = "TECH_STEAM_POWER";

UPDATE Technologies 
	SET Cost = 865, UITreeRow = 0
	WHERE TechnologyType = "TECH_ECONOMICS";

UPDATE Technologies 
	SET Cost = 865, UITreeRow = 1
	WHERE TechnologyType = "TECH_BALLISTICS";

UPDATE Technologies 
	SET Cost = 865, UITreeRow = 2
	WHERE TechnologyType = "TECH_RIFLING";
--Column 3
UPDATE Technologies 
	SET Cost = 925, UITreeRow = 2
	WHERE TechnologyType = "TECH_INDUSTRIALIZATION";

--MODERN ERA
--Column 1
UPDATE Technologies 
	SET Cost = 1035, UITreeRow = -1
	WHERE TechnologyType = "TECH_FLIGHT";

UPDATE Technologies 
	SET Cost = 1035, UITreeRow = 0
	WHERE TechnologyType = "TECH_CHEMISTRY";
	
UPDATE Technologies 
	SET Cost = 1035, UITreeRow = 1
	WHERE TechnologyType = "TECH_COMBUSTION";
	
UPDATE Technologies 
	SET Cost = 1035, UITreeRow = 2
	WHERE TechnologyType = "TECH_REPLACEABLE_PARTS";
--Column 2
UPDATE Technologies 
	SET Cost = 1085, UITreeRow = 1
	WHERE TechnologyType = "TECH_STEEL";
--Column 3
UPDATE Technologies 
	SET Cost = 1135, UITreeRow = -1
	WHERE TechnologyType = "TECH_RADIO";

--ATOMIC ERA
--Column 1
UPDATE Technologies 
	SET Cost = 1225, UITreeRow = -1
	WHERE TechnologyType = "TECH_ADVANCED_FLIGHT";

UPDATE Technologies 
	SET Cost = 1225, UITreeRow = 1
	WHERE TechnologyType = "TECH_ADVANCED_BALLISTICS";

UPDATE Technologies 
	SET Cost = 1225, UITreeRow = 2
	WHERE TechnologyType = "TECH_PLASTICS";
--Column 2
UPDATE Technologies 
	SET Cost = 1300, UITreeRow = -1, Description = NULL
	WHERE TechnologyType = "TECH_ROCKETRY";

UPDATE Technologies 
	SET Cost = 1300, UITreeRow = 0
	WHERE TechnologyType = "TECH_NUCLEAR_FISSION";

UPDATE Technologies 
	SET Cost = 1300, UITreeRow = 2
	WHERE TechnologyType = "TECH_COMBINED_ARMS";
--Column 3
UPDATE Technologies 
	SET Cost = 1375, UITreeRow = -2, EraType = "ERA_ATOMIC"
	WHERE TechnologyType = "TECH_TELECOMMUNICATIONS";
	
UPDATE Technologies 
	SET Cost = 1375, UITreeRow = -1
	WHERE TechnologyType = "TECH_COMPUTERS";

UPDATE Technologies 
	SET Cost = 1375, UITreeRow = 2
	WHERE TechnologyType = "TECH_SYNTHETIC_MATERIALS";

--INFORMATION ERA
--Column 1
UPDATE Technologies 
	SET Cost = 1540, UITreeRow = -1
	WHERE TechnologyType = "TECH_SATELLITES";

UPDATE Technologies 
	SET Cost = 1540, UITreeRow = 0
	WHERE TechnologyType = "TECH_GUIDANCE_SYSTEMS";

UPDATE Technologies 
	SET Cost = 1540, UITreeRow = 1
	WHERE TechnologyType = "TECH_LASERS";

UPDATE Technologies 
	SET Cost = 1540, UITreeRow = 2
	WHERE TechnologyType = "TECH_COMPOSITES";

UPDATE Technologies 
	SET Cost = 1540, UITreeRow = 3
	WHERE TechnologyType = "TECH_STEALTH_TECHNOLOGY";
--Column 2
UPDATE Technologies 
	SET Cost = 1795, UITreeRow = -2
	WHERE TechnologyType = "TECH_ROBOTICS";

UPDATE Technologies 
	SET Cost = 1795, UITreeRow = 0
	WHERE TechnologyType = "TECH_NUCLEAR_FUSION";

UPDATE Technologies 
	SET Cost = 1795, UITreeRow = 2
	WHERE TechnologyType = "TECH_NANOTECHNOLOGY";
--Column 3
UPDATE Technologies 
	SET Cost = 2050, UITreeRow = 0
	WHERE TechnologyType = "TECH_FUTURE_TECH";

--Redo tech prereqs
DELETE FROM TechnologyPrereqs;
INSERT INTO TechnologyPrereqs (Technology, PrereqTech)
	VALUES
		--ANCIENT ERA
		("TECH_FISHING", "TECH_POTTERY"),
		("TECH_ASTROLOGY", "TECH_POTTERY"),
		("TECH_IRRIGATION", "TECH_POTTERY"),
		("TECH_IRRIGATION", "TECH_ANIMAL_HUSBANDRY"),
		("TECH_ARCHERY", "TECH_ANIMAL_HUSBANDRY"),
		("TECH_ARCHERY", "TECH_MINING"),
		("TECH_SAILING", "TECH_ASTROLOGY"),
		("TECH_SAILING", "TECH_FISHING"),
		("TECH_WRITING", "TECH_ASTROLOGY"),
		("TECH_WRITING", "TECH_IRRIGATION"),
		("TECH_THE_WHEEL", "TECH_IRRIGATION"),
		("TECH_BRONZE_WORKING", "TECH_ARCHERY"),
		("TECH_MASONRY", "TECH_MINING"),
				
		--CLASSICAL ERA
		("TECH_CELESTIAL_NAVIGATION", "TECH_SAILING"),
		("TECH_CELESTIAL_NAVIGATION", "TECH_WRITING"),
		("TECH_HORSEBACK_RIDING", "TECH_THE_WHEEL"),
		("TECH_HORSEBACK_RIDING", "TECH_BRONZE_WORKING"),
		("TECH_IRON_WORKING", "TECH_THE_WHEEL"),
		("TECH_IRON_WORKING", "TECH_BRONZE_WORKING"),
		("TECH_CONSTRUCTION", "TECH_BRONZE_WORKING"),
		("TECH_CONSTRUCTION", "TECH_MASONRY"),
		("TECH_MAP_MAKING", "TECH_CELESTIAL_NAVIGATION"),
		("TECH_MATHEMATICS", "TECH_CELESTIAL_NAVIGATION"),
		("TECH_CURRENCY", "TECH_CELESTIAL_NAVIGATION"),
		("TECH_CURRENCY", "TECH_HORSEBACK_RIDING"),
		("TECH_ENGINEERING", "TECH_CONSTRUCTION"),
		("TECH_ENGINEERING", "TECH_IRON_WORKING"),
		("TECH_SHIPBUILDING", "TECH_MAP_MAKING"),
		("TECH_CLASSICAL_SCIENCE", "TECH_MATHEMATICS"),
		("TECH_CLASSICAL_SCIENCE", "TECH_CURRENCY"),
		("TECH_METALLURGY", "TECH_ENGINEERING"),
		("TECH_METALLURGY", "TECH_CURRENCY"),
		
		--MEDIEVAL ERA
		("TECH_APPRENTICESHIP", "TECH_CLASSICAL_SCIENCE"),
		("TECH_APPRENTICESHIP", "TECH_METALLURGY"),
		("TECH_CASTLES", "TECH_CLASSICAL_SCIENCE"),
		("TECH_CASTLES", "TECH_METALLURGY"),
		("TECH_STIRRUPS", "TECH_METALLURGY"),
		("TECH_MACHINERY", "TECH_APPRENTICESHIP"),
		("TECH_MACHINERY", "TECH_CASTLES"),
		("TECH_MILITARY_ENGINEERING", "TECH_CASTLES"),
		("TECH_MILITARY_ENGINEERING", "TECH_APPRENTICESHIP"),
		("TECH_MILITARY_TACTICS", "TECH_STIRRUPS"),
		("TECH_MAGNETISM", "TECH_SHIPBUILDING"),
		("TECH_MAGNETISM", "TECH_APPRENTICESHIP"),
		("TECH_CLOCK_MAKING", "TECH_MACHINERY"),
		("TECH_CLOCK_MAKING", "TECH_MAGNETISM"),
		("TECH_EDUCATION", "TECH_MACHINERY"),
		("TECH_EDUCATION", "TECH_MILITARY_ENGINEERING"),
		("TECH_INVENTION", "TECH_MILITARY_ENGINEERING"),
		("TECH_INVENTION", "TECH_MACHINERY"),
		("TECH_INVENTION", "TECH_MILITARY_TACTICS"),
		
		--RENAISSANCE ERA
		("TECH_CARTOGRAPHY", "TECH_CLOCK_MAKING"),
		("TECH_PRINTING", "TECH_EDUCATION"),
		("TECH_PRINTING", "TECH_INVENTION"),
		("TECH_PRINTING", "TECH_CLOCK_MAKING"),
		("TECH_BANKING", "TECH_EDUCATION"),
		("TECH_BANKING", "TECH_INVENTION"),
		("TECH_GUNPOWDER", "TECH_INVENTION"),
		("TECH_ASTRONOMY", "TECH_CARTOGRAPHY"),
		("TECH_ASTRONOMY", "TECH_PRINTING"),
		("TECH_METAL_CASTING", "TECH_BANKING"),
		("TECH_METAL_CASTING", "TECH_GUNPOWDER"),
		("TECH_SIEGE_TACTICS", "TECH_GUNPOWDER"),
		("TECH_SQUARE_RIGGING", "TECH_ASTRONOMY"),
		("TECH_SQUARE_RIGGING", "TECH_METAL_CASTING"),
		("TECH_ADVANCED_MATHEMATICS", "TECH_ASTRONOMY"),
		("TECH_MASS_PRODUCTION", "TECH_METAL_CASTING"),
		("TECH_MASS_PRODUCTION", "TECH_SIEGE_TACTICS"),
		
		--INDUSTRIAL ERA
		("TECH_SCIENTIFIC_THEORY", "TECH_ADVANCED_MATHEMATICS"),
		("TECH_SCIENTIFIC_THEORY", "TECH_MASS_PRODUCTION"),
		("TECH_SANITATION", "TECH_MASS_PRODUCTION"),
		("TECH_MILITARY_SCIENCE", "TECH_MASS_PRODUCTION"),
		("TECH_MILITARY_SCIENCE", "TECH_SQUARE_RIGGING"),
		("TECH_REFINING", "TECH_MASS_PRODUCTION"),
		("TECH_STEAM_POWER", "TECH_SCIENTIFIC_THEORY"),
		("TECH_ECONOMICS", "TECH_SCIENTIFIC_THEORY"),
		("TECH_ECONOMICS", "TECH_SANITATION"),
		("TECH_BALLISTICS", "TECH_SCIENTIFIC_THEORY"),
		("TECH_BALLISTICS", "TECH_MILITARY_SCIENCE"),
		("TECH_RIFLING", "TECH_MILITARY_SCIENCE"),
		("TECH_RIFLING", "TECH_REFINING"),
		("TECH_RAILROAD", "TECH_STEAM_POWER"),
		("TECH_RAILROAD", "TECH_ECONOMICS"),
		("TECH_RAILROAD", "TECH_BALLISTICS"),
		("TECH_RAILROAD", "TECH_RIFLING"),
		("TECH_INDUSTRIALIZATION", "TECH_STEAM_POWER"),
		("TECH_INDUSTRIALIZATION", "TECH_ECONOMICS"),
		("TECH_INDUSTRIALIZATION", "TECH_BALLISTICS"),
		("TECH_INDUSTRIALIZATION", "TECH_RIFLING"),
		
		--MODERN ERA
		("TECH_FLIGHT", "TECH_RAILROAD"),
		("TECH_FLIGHT", "TECH_INDUSTRIALIZATION"),
		("TECH_CHEMISTRY", "TECH_RAILROAD"),
		("TECH_CHEMISTRY", "TECH_INDUSTRIALIZATION"),
		("TECH_COMBUSTION", "TECH_RAILROAD"),
		("TECH_COMBUSTION", "TECH_INDUSTRIALIZATION"),
		("TECH_REPLACEABLE_PARTS", "TECH_RAILROAD"),
		("TECH_REPLACEABLE_PARTS", "TECH_INDUSTRIALIZATION"),
		("TECH_ELECTRONICS", "TECH_FLIGHT"),
		("TECH_ELECTRONICS", "TECH_CHEMISTRY"),
		("TECH_PHYSICS", "TECH_CHEMISTRY"),
		("TECH_PHYSICS", "TECH_FLIGHT"),
		("TECH_STEEL", "TECH_CHEMISTRY"),
		("TECH_STEEL", "TECH_COMBUSTION"),
		("TECH_STEEL", "TECH_REPLACEABLE_PARTS"),
		("TECH_MOBILE_WARFARE", "TECH_STEEL"),
		("TECH_RADIO", "TECH_ELECTRONICS"),
		("TECH_ATOMIC_THEORY", "TECH_ELECTRONICS"),
		("TECH_ATOMIC_THEORY", "TECH_PHYSICS"),
		
		--ATOMIC ERA
		("TECH_ADVANCED_FLIGHT", "TECH_RADIO"),
		("TECH_ADVANCED_BALLISTICS", "TECH_MOBILE_WARFARE"),
		("TECH_PLASTICS", "TECH_MOBILE_WARFARE"),
		("TECH_ROCKETRY", "TECH_ADVANCED_FLIGHT"),
		("TECH_NUCLEAR_FISSION", "TECH_ATOMIC_THEORY"),
		("TECH_NUCLEAR_FISSION", "TECH_ADVANCED_BALLISTICS"),
		("TECH_COMBINED_ARMS", "TECH_ADVANCED_BALLISTICS"),
		("TECH_COMBINED_ARMS", "TECH_PLASTICS"),
		("TECH_TELECOMMUNICATIONS", "TECH_ROCKETRY"),
		("TECH_COMPUTERS", "TECH_ROCKETRY"),
		("TECH_SPACE_FLIGHT", "TECH_ROCKETRY"),
		("TECH_SPACE_FLIGHT", "TECH_NUCLEAR_FISSION"),
		("TECH_SYNTHETIC_MATERIALS", "TECH_COMBINED_ARMS"),
		
		--INFORMATION ERA
		("TECH_INTERNET", "TECH_COMPUTERS"),
		("TECH_INTERNET", "TECH_TELECOMMUNICATIONS"),
		("TECH_SATELLITES", "TECH_SPACE_FLIGHT"),
		("TECH_SATELLITES", "TECH_COMPUTERS"),
		("TECH_GUIDANCE_SYSTEMS", "TECH_SPACE_FLIGHT"),
		("TECH_GUIDANCE_SYSTEMS", "TECH_COMPUTERS"),
		("TECH_LASERS", "TECH_SYNTHETIC_MATERIALS"),
		("TECH_LASERS", "TECH_COMPUTERS"),
		("TECH_COMPOSITES", "TECH_SYNTHETIC_MATERIALS"),
		("TECH_STEALTH_TECHNOLOGY", "TECH_SYNTHETIC_MATERIALS"),
		("TECH_STEALTH_TECHNOLOGY", "TECH_SPACE_FLIGHT"),
		("TECH_ROBOTICS", "TECH_INTERNET"),
		("TECH_ROBOTICS", "TECH_SATELLITES"),
		("TECH_ROBOTICS", "TECH_GUIDANCE_SYSTEMS"),
		("TECH_NUCLEAR_FUSION", "TECH_GUIDANCE_SYSTEMS"),
		("TECH_NUCLEAR_FUSION", "TECH_LASERS"),
		("TECH_NUCLEAR_FUSION", "TECH_COMPOSITES"),
		("TECH_NANOTECHNOLOGY", "TECH_LASERS"),
		("TECH_NANOTECHNOLOGY", "TECH_COMPOSITES"),
		("TECH_NANOTECHNOLOGY", "TECH_STEALTH_TECHNOLOGY"),
		("TECH_FUTURE_TECH", "TECH_ROBOTICS"),
		("TECH_FUTURE_TECH", "TECH_NUCLEAR_FUSION"),
		("TECH_FUTURE_TECH", "TECH_NANOTECHNOLOGY");

--QUOTES
INSERT INTO TechnologyQuotes (TechnologyType, Quote, QuoteAudio)
	VALUES
		("TECH_FISHING", "LOC_TECH_FISHING_QUOTE", NULL),
		("TECH_MAP_MAKING", "LOC_TECH_MAP_MAKING_QUOTE", NULL),
		("TECH_CLASSICAL_SCIENCE", "LOC_TECH_CLASSICAL_SCIENCE_QUOTE", NULL),
		("TECH_MAGNETISM", "LOC_TECH_MAGNETISM_QUOTE", NULL),
		("TECH_METALLURGY", "LOC_TECH_METALLURGY_QUOTE", NULL),
		("TECH_INVENTION", "LOC_TECH_INVENTION_QUOTE", NULL),
		("TECH_CLOCK_MAKING", "LOC_TECH_CLOCK_MAKING_QUOTE", NULL),
		("TECH_ADVANCED_MATHEMATICS", "LOC_TECH_ADVANCED_MATHEMATICS_QUOTE", NULL),
		("TECH_REFINING", "LOC_TECH_REFINING_QUOTE", NULL),
		("TECH_RAILROAD", "LOC_TECH_RAILROAD_QUOTE", NULL),
		("TECH_PHYSICS", "LOC_TECH_PHYSICS_QUOTE", NULL),
		("TECH_MOBILE_WARFARE", "LOC_TECH_MOBILE_WARFARE_QUOTE", NULL),
		("TECH_ELECTRONICS", "LOC_TECH_ELECTRONICS_QUOTE", NULL),
		("TECH_ATOMIC_THEORY", "LOC_TECH_ATOMIC_THEORY_QUOTE", NULL),
		("TECH_SPACE_FLIGHT", "LOC_TECH_SPACE_FLIGHT_QUOTE", NULL),
		("TECH_INTERNET", "LOC_TECH_INTERNET_QUOTE", NULL);
		
--BOOSTS
DELETE FROM Boosts
	WHERE TechnologyType = "TECH_CARTOGRAPHY";

UPDATE Boosts
	SET TechnologyType = "TECH_FISHING"
	WHERE TechnologyType = "TECH_SAILING";

UPDATE Boosts
	SET TechnologyType = "TECH_SAILING"
	WHERE TechnologyType = "TECH_CELESTIAL_NAVIGATION";

UPDATE Boosts
	SET TechnologyType = "TECH_REFINING"
	WHERE TechnologyType = "TECH_INDUSTRIALIZATION";
	
INSERT INTO Boosts (TechnologyType, Boost, TriggerDescription, TriggerLongDescription, BoostClass, Unit1Type, Unit2Type, BuildingType, ImprovementType, BoostingTechType, BoostingCivicType, ResourceType, DistrictType, RequiresResource, RequirementSetId, GovernmentSlotType, NumItems)
	VALUES
		("TECH_CELESTIAL_NAVIGATION", 50, "LOC_BOOST_TRIGGER_FISHING", "LOC_BOOST_TRIGGER_LONGDESC_FISHING", "BOOST_TRIGGER_KILL_SPECIFIC_UNIT", "UNIT_QUADRIREME", NULL, NULL, NULL, NULL, NULL, NULL, NULL, 0, NULL, NULL, 0),
		("TECH_MAP_MAKING", 50, "LOC_BOOST_TRIGGER_MAP_MAKING", "LOC_BOOST_TRIGGER_LONGDESC_MAP_MAKING", "BOOST_TRIGGER_HAVE_X_DISTRICTS", NULL, NULL, NULL, NULL, NULL, NULL, NULL, "DISTRICT_HARBOR", 0, NULL, NULL, 2),
		("TECH_CLASSICAL_SCIENCE", 50, "LOC_BOOST_TRIGGER_CLASSICAL_SCIENCE", "LOC_BOOST_TRIGGER_LONGDESC_CLASSICAL_SCIENCE", "BOOST_TRIGGER_HAVE_X_BUILDINGS", NULL, NULL, "BUILDING_LIBRARY", NULL, NULL, NULL, NULL, NULL, 0, NULL, NULL, 2),
		("TECH_METALLURGY", 50, "LOC_BOOST_TRIGGER_METALLURGY", "LOC_BOOST_TRIGGER_LONGDESC_METALLURGY", "BOOST_TRIGGER_OWN_X_UNITS_OF_TYPE", "UNIT_MILITARY_ENGINEER", NULL, NULL, NULL, NULL, NULL, NULL, NULL, 0, NULL, NULL, 2),
		("TECH_MAGNETISM", 50, "LOC_BOOST_TRIGGER_MAGNETISM", "LOC_BOOST_TRIGGER_LONGDESC_MAGNETISM", "BOOST_TRIGGER_NAVAL_UNIT_LEVEL", NULL, NULL, NULL, NULL, NULL, NULL, NULL, NULL, 0, NULL, NULL, 3),
		("TECH_CARTOGRAPHY", 50, "LOC_BOOST_TRIGGER_COMPASS", "LOC_BOOST_TRIGGER_LONGDESC_COMPASS", "BOOST_TRIGGER_OWN_X_UNITS_OF_TYPE", "UNIT_QUADRIREME", NULL, NULL, NULL, NULL, NULL, NULL, NULL, 0, NULL, NULL, 2),
		("TECH_CLOCK_MAKING", 50, "LOC_BOOST_TRIGGER_CLOCK_MAKING", "LOC_BOOST_TRIGGER_LONGDESC_CLOCK_MAKING", "BOOST_TRIGGER_CULTURVATE_CIVIC", NULL, NULL, NULL, NULL, NULL, "CIVIC_MEDIEVAL_FAIRES", NULL, NULL, 0, NULL, NULL, 0),
		("TECH_INVENTION", 50, "LOC_BOOST_TRIGGER_INVENTION", "LOC_BOOST_TRIGGER_LONGDESC_INVENTION", "BOOST_TRIGGER_TRAIN_UNIT", "UNIT_GREAT_ENGINEER", NULL, NULL, NULL, NULL, NULL, NULL, NULL, 0, NULL, NULL, 0), 
		("TECH_ADVANCED_MATHEMATICS", 50, "LOC_BOOST_TRIGGER_ADVANCED_MATHEMATICS", "LOC_BOOST_TRIGGER_LONGDESC_ADVANCED_MATHEMATICS", "BOOST_TRIGGER_CONSTRUCT_BUILDING", NULL, NULL, "BUILDING_PRINTER", NULL, NULL, NULL, NULL, NULL, 0, NULL, NULL, 0),
		("TECH_RAILROAD", 50, "LOC_BOOST_TRIGGER_RAILROAD", "LOC_BOOST_TRIGGER_LONGDESC_RAILROAD", "BOOST_TRIGGER_CONSTRUCT_BUILDING", NULL, NULL, "BUILDING_GRISTMILL", NULL, NULL, NULL, NULL, NULL, 0, NULL, NULL, 0),
		("TECH_INDUSTRIALIZATION", 50, "LOC_BOOST_TRIGGER_REFINING", "LOC_BOOST_TRIGGER_LONGDESC_REFINING", "BOOST_TRIGGER_CONSTRUCT_BUILDING", NULL, NULL, "BUILDING_FOUNDRY", NULL, NULL, NULL, NULL, NULL, 0, NULL, NULL, 0),
		("TECH_ATOMIC_THEORY", 50, "LOC_BOOST_TRIGGER_MUST_STEAL", "Critical late game tech - boost description not needed", "BOOST_TRIGGER_NONE_LATE_GAME_CRITICAL_TECH", NULL, NULL, NULL, NULL, NULL, NULL, NULL, NULL, 0, NULL, NULL, 0),
		("TECH_PHYSICS", 50, "LOC_BOOST_TRIGGER_PHYSICS", "LOC_BOOST_TRIGGER_LONGDESC_PHYSICS", "BOOST_TRIGGER_OWN_X_UNITS_OF_TYPE", "UNIT_FIELD_CANNON", NULL, NULL, NULL, NULL, NULL, NULL, NULL, 0, NULL, NULL, 3),
		("TECH_MOBILE_WARFARE", 50, "LOC_BOOST_TRIGGER_MOBILE_WARFARE", "LOC_BOOST_TRIGGER_LONGDESC_MOBILE_WARFARE", "BOOST_TRIGGER_OWN_X_UNITS_OF_TYPE", "UNIT_INFANTRY", NULL, NULL, NULL, NULL, NULL, NULL, NULL, 0, NULL, NULL, 3),
		("TECH_ELECTRONICS", 50, "LOC_BOOST_TRIGGER_ELECTRICITY", "LOC_BOOST_TRIGGER_LONGDESC_ELECTRICITY", "BOOST_TRIGGER_OWN_X_UNITS_OF_TYPE", "UNIT_PRIVATEER", NULL, NULL, NULL, NULL, NULL, NULL, NULL, 0, NULL, NULL, 3),
		("TECH_SPACE_FLIGHT", 50, "LOC_BOOST_TRIGGER_MUST_STEAL", "Critical late game tech - boost description not needed", "BOOST_TRIGGER_NONE_LATE_GAME_CRITICAL_TECH", NULL, NULL, NULL, NULL, NULL, NULL, NULL, NULL, 0, NULL, NULL, 0),
		("TECH_INTERNET", 50, "LOC_BOOST_TRIGGER_MUST_STEAL", "Critical late game tech - boost description not needed", "BOOST_TRIGGER_NONE_LATE_GAME_CRITICAL_TECH", NULL, NULL, NULL, NULL, NULL, NULL, NULL, NULL, 0, NULL, NULL, 0);
		
--TECHNOLOGY MODIFIERS
UPDATE TechnologyModifiers
	SET TechnologyType = "TECH_MAP_MAKING"
	WHERE ModifierId = "MATHEMATICS_ADJUST_SEA_MOVEMENT";

UPDATE TechnologyModifiers
	SET TechnologyType = "TECH_INTERNET"
	WHERE ModifierId = "COMPUTERS_BOOST_ALL_TOURISM";
	
--IMPROVEMENT UNLOCKS		
UPDATE Improvements 
	SET PrereqTech = "TECH_FISHING"
	WHERE ImprovementType = "IMPROVEMENT_FISHING_BOATS";

UPDATE Improvements 
	SET PrereqTech = "TECH_ENGINEERING"
	WHERE ImprovementType = "IMPROVEMENT_FORT";

UPDATE Improvements 
	SET PrereqTech = "TECH_CLOCK_MAKING"
	WHERE ImprovementType = "IMPROVEMENT_LUMBER_MILL";

--IMPROVEMENT TECH YIELD CHANGES
DELETE FROM Improvement_BonusYieldChanges;
INSERT INTO Improvement_BonusYieldChanges (Id, ImprovementType, YieldType, BonusYieldChange, PrereqCivic, PrereqTech)
	VALUES
		(1, "IMPROVEMENT_CAMP", "YIELD_PRODUCTION", 1, "CIVIC_MERCANTILISM", NULL),
		(2, "IMPROVEMENT_CAMP", "YIELD_GOLD", 1, NULL, "TECH_SYNTHETIC_MATERIALS"),
		(3, "IMPROVEMENT_FISHING_BOATS", "YIELD_GOLD", 1, NULL, "TECH_MAGNETISM"),
		(4, "IMPROVEMENT_FISHING_BOATS", "YIELD_FOOD", 1, NULL, "TECH_PLASTICS"),
		(5, "IMPROVEMENT_LUMBER_MILL", "YIELD_PRODUCTION", 1, NULL, "TECH_STEEL"),
		(6, "IMPROVEMENT_MINE", "YIELD_PRODUCTION", 1, NULL, "TECH_APPRENTICESHIP"),
		(7, "IMPROVEMENT_MINE", "YIELD_PRODUCTION", 1, NULL, "TECH_INDUSTRIALIZATION"),
		(8, "IMPROVEMENT_MINE", "YIELD_GOLD", 1, NULL, "TECH_REFINING"),
		(9, "IMPROVEMENT_PASTURE", "YIELD_FOOD", 1, "CIVIC_EXPLORATION", NULL),
		(10, "IMPROVEMENT_PASTURE", "YIELD_PRODUCTION", 1, NULL, "TECH_ROBOTICS"),
		(11, "IMPROVEMENT_PLANTATION", "YIELD_GOLD", 1, "CIVIC_GLOBALIZATION", NULL),
		(12, "IMPROVEMENT_PLANTATION", "YIELD_FOOD", 1, NULL, "TECH_SCIENTIFIC_THEORY"),
		(13, "IMPROVEMENT_PLANTATION", "YIELD_FOOD", 1, NULL, "TECH_INVENTION"),
		(14, "IMPROVEMENT_QUARRY", "YIELD_PRODUCTION", 1, NULL, "TECH_RAILROAD"),
		(15, "IMPROVEMENT_QUARRY", "YIELD_GOLD", 1, NULL, "TECH_BANKING"),
		--Unique Improvements
		(16, "IMPROVEMENT_COLOSSAL_HEAD", "YIELD_CULTURE", 1, "CIVIC_HUMANISM", NULL),
		(17, "IMPROVEMENT_KURGAN", "YIELD_GOLD", 1, "CIVIC_GUILDS", NULL),
		(18, "IMPROVEMENT_KURGAN", "YIELD_GOLD", 1, "CIVIC_CAPITALISM", NULL),
		(19, "IMPROVEMENT_MISSION", "YIELD_SCIENCE", 1, "CIVIC_CULTURAL_HERITAGE", NULL),
		(20, "IMPROVEMENT_SPHINX", "YIELD_CULTURE", 1, "CIVIC_NATURAL_HISTORY", NULL),
		(21, "IMPROVEMENT_STEPWELL", "YIELD_FAITH", 1, "CIVIC_FEUDALISM", NULL),
		(22, "IMPROVEMENT_STEPWELL", "YIELD_FOOD", 1, "CIVIC_PROFESSIONAL_SPORTS", NULL),
		(23, "IMPROVEMENT_ZIGGURAT", "YIELD_CULTURE", 1, "CIVIC_NATURAL_HISTORY", NULL);
	
--RESOURCE UNLOCKS
UPDATE Resources
	SET PrereqTech = "TECH_INVENTION"
	WHERE ResourceType = "RESOURCE_NITER";

UPDATE Resources
	SET PrereqTech = "TECH_ATOMIC_THEORY"
	WHERE ResourceType = "RESOURCE_URANIUM";

--BUILDING UNLOCKS
UPDATE Buildings
	SET PrereqTech = "TECH_MACHINERY"
	WHERE BuildingType = "BUILDING_WORKSHOP";

UPDATE Buildings
	SET PrereqTech = "TECH_INDUSTRIALIZATION"
	WHERE BuildingType = "BUILDING_FACTORY";
	
UPDATE Buildings
	SET PrereqTech = "TECH_PHYSICS"
	WHERE BuildingType = "BUILDING_RESEARCH_LAB";

UPDATE Buildings
	SET PrereqTech = "TECH_RAILROAD"
	WHERE BuildingType = "BUILDING_SEAPORT";

UPDATE Buildings
	SET PrereqTech = "TECH_ELECTRONICS"
	WHERE BuildingType = "BUILDING_POWER_PLANT";

UPDATE Buildings
	SET PrereqTech = "TECH_MAP_MAKING"
	WHERE BuildingType = "BUILDING_GREAT_LIGHTHOUSE";

UPDATE Buildings
	SET PrereqTech = "TECH_INVENTION"
	WHERE BuildingType = "BUILDING_HAGIA_SOPHIA";

UPDATE Buildings
	SET PrereqTech = "TECH_ADVANCED_MATHEMATICS"
	WHERE BuildingType = "BUILDING_FORBIDDEN_CITY";
	
--PROJECT UNLOCKS
UPDATE Projects
	SET PrereqTech = "TECH_SPACE_FLIGHT"
	WHERE ProjectType = "PROJECT_LAUNCH_EARTH_SATELLITE";

--UNIT UNLOCKS
UPDATE Units
	SET PrereqTech = "TECH_METALLURGY"
	WHERE UnitType = "UNIT_CATAPULT";

UPDATE Units
	SET PrereqTech = "TECH_ELECTRONICS"
	WHERE UnitType = "UNIT_SUBMARINE";

UPDATE Units
	SET PrereqTech = "TECH_ELECTRONICS"
	WHERE UnitType = "UNIT_GERMAN_UBOAT";
	
UPDATE Units
	SET PrereqTech = "TECH_ENGINEERING", Maintenance = 3
	WHERE UnitType = "UNIT_MILITARY_ENGINEER";

DELETE FROM Unit_BuildingPrereqs WHERE Unit = "UNIT_MILITARY_ENGINEER";

UPDATE Units
	SET PrereqTech = "TECH_MOBILE_WARFARE"
	WHERE UnitType = "UNIT_TANK";

UPDATE Units
	SET PrereqTech = "TECH_MOBILE_WARFARE"
	WHERE UnitType = "UNIT_AT_CREW";

UPDATE Units
	SET PrereqTech = "TECH_PHYSICS"
	WHERE UnitType = "UNIT_BATTLESHIP";
	
UPDATE Units
	SET PrereqTech = "TECH_PHYSICS"
	WHERE UnitType = "UNIT_OBSERVATION_BALLOON";

UPDATE Units
	SET PrereqTech = "TECH_INTERNET"
	WHERE UnitType = "UNIT_NUCLEAR_SUBMARINE";

--DIPLOMATIC ACTION UNLOCKS
UPDATE DiplomaticActions
	SET InitiatorPrereqTech = "TECH_EDUCATION", TargetPrereqTech = "TECH_EDUCATION"
	WHERE DiplomaticActionType = "DIPLOACTION_RESEARCH_AGREEMENT";
	
	
	
	
	
	
	
	
	